Wall time,Step,Value
1579193473.2482448,1,0.8812434673309326
1579194252.8455946,2,0.8743600249290466
1579195032.7050877,3,0.8389182090759277
1579195809.849353,4,0.8955264091491699
1579196589.6125612,5,0.8918763995170593
1579197429.2214692,6,0.904289186000824
1579198209.1460755,7,0.9131075739860535
1579198988.3728075,8,0.9087669253349304
1579199766.28343,9,0.9169211387634277
1579200545.0893686,10,0.9167245626449585
1579201323.3679662,11,0.9280635714530945
1579202101.8605735,12,0.9345197081565857
1579202881.2147279,13,0.9364449977874756
1579203659.5518312,14,0.9337990880012512
1579204437.0450046,15,0.9287338256835938
1579205214.687269,16,0.9289583563804626
1579205992.3072019,17,0.929754912853241
1579206769.2087905,18,0.9301453828811646
1579207547.2800355,19,0.9337655901908875
1579208325.2294705,20,0.9322162866592407
1579209105.1072593,21,0.9327564835548401
1579209887.1745224,22,0.9338958859443665
1579210666.763111,23,0.9341223239898682
1579211444.3000805,24,0.9310591816902161
1579212223.2904491,25,0.9346928000450134
1579213001.6793525,26,0.9334961175918579
1579213780.1385865,27,0.9299489259719849
1579214560.1168056,28,0.9313427805900574
1579215338.920387,29,0.9329296350479126
1579216117.1261327,30,0.9341394901275635
