Wall time,Step,Value
1579193473.2481315,1,0.8653571009635925
1579194252.8454974,2,0.8706740736961365
1579195032.7049582,3,0.8646515607833862
1579195809.849251,4,0.881070613861084
1579196589.6124623,5,0.8780535459518433
1579197429.2213683,6,0.8871430158615112
1579198209.1459544,7,0.8982649445533752
1579198988.3727067,8,0.8950362801551819
1579199766.2833283,9,0.9005417823791504
1579200545.0892665,10,0.8993479013442993
1579201323.3678663,11,0.9142362475395203
1579202101.8604722,12,0.9208300709724426
1579202881.2146275,13,0.9229081273078918
1579203659.551732,14,0.9215816855430603
1579204437.0448844,15,0.9113256335258484
1579205214.687167,16,0.9134072065353394
1579205992.3071008,17,0.9135673642158508
1579206769.2086897,18,0.9154788255691528
1579207547.279934,19,0.9200899600982666
1579208325.229369,20,0.9172239899635315
1579209105.1071477,21,0.9188302755355835
1579209887.174422,22,0.9205377697944641
1579210666.7630084,23,0.9203450083732605
1579211444.2999773,24,0.9165735840797424
1579212223.2903461,25,0.9201880693435669
1579213001.6792514,26,0.9188935160636902
1579213780.1384656,27,0.9136531949043274
1579214560.1167006,28,0.9160553216934204
1579215338.9202747,29,0.9181387424468994
1579216117.1260307,30,0.9198393225669861
