Wall time,Step,Value
1579203468.8937688,1,0.503308117389679
