Wall time,Step,Value
1579280479.1986315,1,0.7263475060462952
1579283414.129092,2,0.7643892168998718
1579286339.6900465,3,0.815912663936615
1579289257.913479,4,0.8615319728851318
1579292165.638907,5,0.8766958713531494
1579295049.235584,6,0.8632971048355103
1579297922.201465,7,0.9259021282196045
1579300775.6632898,8,0.9338592290878296
1579303632.5913787,9,0.937990128993988
1579306480.7243404,10,0.9535664319992065
1579309334.539444,11,0.9604588747024536
1579312190.8632224,12,0.9657467007637024
1579315045.911738,13,0.9686515927314758
1579317901.129383,14,0.9643756747245789
1579320753.6986213,15,0.9619606137275696
1579323606.7693439,16,0.9643061757087708
1579326457.1692336,17,0.9664847254753113
1579329311.6696997,18,0.9704284071922302
1579332203.8495533,19,0.972107470035553
1579335055.9028668,20,0.9687760472297668
1579337910.8798947,21,0.9713715314865112
1579340763.7292354,22,0.972099244594574
1579343616.746848,23,0.9651930332183838
1579346469.6694028,24,0.9731512665748596
1579349322.3304229,25,0.9724164605140686
1579352169.4011493,26,0.9739781022071838
1579355018.7193623,27,0.972347617149353
1579357867.114438,28,0.9765723943710327
1579360714.7118454,29,0.9744421243667603
1579363565.272976,30,0.9765334129333496
