Wall time,Step,Value
1579280574.4885395,1,0.8920136094093323
1579283453.7653623,2,0.9147414565086365
1579286340.4359376,3,0.908622145652771
1579289236.9299154,4,0.9265949726104736
1579292120.5030074,5,0.9170754551887512
1579294986.5607662,6,0.9212750792503357
1579297845.86141,7,0.9240233302116394
1579300696.412395,8,0.9230974316596985
1579303533.11184,9,0.9309539794921875
1579306362.6959083,10,0.9278961420059204
1579309183.4683177,11,0.9353316426277161
1579311999.4343922,12,0.9362303614616394
1579314817.6884391,13,0.9371728897094727
1579317639.458048,14,0.9373878240585327
1579320462.3858452,15,0.9389494061470032
1579323282.0773144,16,0.9362630844116211
1579326099.6357195,17,0.9369209408760071
1579328915.3600376,18,0.9377820491790771
1579331756.5396893,19,0.9366661310195923
1579334573.0324376,20,0.9362125396728516
1579337391.7936385,21,0.9383863806724548
1579340213.607732,22,0.9371421337127686
1579343032.3396685,23,0.9374254941940308
1579345851.682098,24,0.9369637966156006
1579348675.125562,25,0.9381116032600403
1579351494.528786,26,0.9375064969062805
1579354312.634667,27,0.9367533922195435
1579357134.0813265,28,0.9381282925605774
1579359956.4431343,29,0.9359621405601501
1579362774.8595886,30,0.9372673034667969
