Wall time,Step,Value
1579263231.1843646,1,-0.2668861746788025
1579264658.257306,2,-0.1345365047454834
1579266054.4448192,3,0.37878113985061646
1579267442.3035884,4,-0.0690063014626503
1579268813.6598325,5,0.0898067057132721
1579270204.503058,6,-0.00023646843328606337
1579271579.7716553,7,0.03568364679813385
1579272948.217627,8,0.009875191375613213
1579274324.3630004,9,-0.0024060120340436697
