Wall time,Step,Value
1579228838.6119938,1,0.8557803630828857
1579229003.4560533,2,0.8717748522758484
1579229158.8081915,3,0.8731764554977417
1579229301.1880276,4,0.8692896366119385
1579229420.9246197,5,0.8829308748245239
1579229549.6397088,6,0.8788473606109619
1579229681.3879368,7,0.8865191340446472
1579229852.6915731,8,0.8857573866844177
1579230012.4183795,9,0.8873726725578308
1579230162.5097108,10,0.8932366967201233
1579230291.8182151,11,0.8961388468742371
1579230412.38552,12,0.8965023756027222
1579230543.8883297,13,0.8966506123542786
1579230713.862657,14,0.8959826827049255
1579230867.3768249,15,0.8937315344810486
1579231021.0468545,16,0.8954363465309143
1579231154.7180676,17,0.8951761722564697
1579231275.2526019,18,0.8959454894065857
1579231400.2671056,19,0.8991538286209106
1579231561.7177205,20,0.8965542316436768
1579231699.6145406,21,0.8987611532211304
1579231839.7814124,22,0.8932049870491028
1579231969.2042208,23,0.8939468264579773
1579232087.9443097,24,0.8914778828620911
1579232202.0559375,25,0.89821457862854
1579232350.4079273,26,0.8976501822471619
1579232469.9349244,27,0.8950893878936768
1579232581.0680504,28,0.8967769145965576
1579232685.7981987,29,0.898561418056488
1579232791.2682588,30,0.8977915048599243
