Wall time,Step,Value
1579280574.4886713,1,0.9071717858314514
1579283453.7654786,2,0.9260483980178833
1579286340.4360673,3,0.923206090927124
1579289236.930049,4,0.9347782731056213
1579292120.5031474,5,0.9285455942153931
1579294986.5608823,6,0.9287087917327881
1579297845.8615396,7,0.9368957281112671
1579300696.4125204,8,0.9362177848815918
1579303533.1119618,9,0.9392332434654236
1579306362.6960566,10,0.9390506148338318
1579309183.4684463,11,0.9452906250953674
1579311999.4345212,12,0.945927083492279
1579314817.688556,13,0.9465308785438538
1579317639.4581766,14,0.9457564949989319
1579320462.3859758,15,0.9482495188713074
1579323282.0774434,16,0.9465711712837219
1579326099.6358345,17,0.9470039010047913
1579328915.3601525,18,0.9473496675491333
1579331756.53981,19,0.9474316835403442
1579334573.0325983,20,0.9472243189811707
1579337391.7937698,21,0.9484335780143738
1579340213.607857,22,0.947211742401123
1579343032.3398438,23,0.9471602439880371
1579345851.6822295,24,0.947072446346283
1579348675.1256871,25,0.9482607245445251
1579351494.5289154,26,0.9477816224098206
1579354312.6348212,27,0.9466315507888794
1579357134.0814707,28,0.9481276869773865
1579359956.4432764,29,0.946458101272583
1579362774.859704,30,0.9475833773612976
