Wall time,Step,Value
1579280433.1083162,1,0.9154309034347534
1579283313.8932278,2,0.9441494345664978
1579286198.6577132,3,0.9506707191467285
1579289096.271847,4,0.9642025232315063
1579291977.895732,5,0.9601014852523804
1579294843.109359,6,0.9666240215301514
1579297705.1317863,7,0.9738717079162598
1579300550.847347,8,0.9736239910125732
1579303389.8476534,9,0.9824355840682983
1579306225.0742068,10,0.9826666712760925
1579309053.0534484,11,0.9877862930297852
1579311872.0820587,12,0.9888624548912048
1579314688.6311085,13,0.9902015328407288
1579317512.6239831,14,0.9904258251190186
1579320334.5028617,15,0.9912301301956177
1579323155.499163,16,0.9918981194496155
1579325971.5133808,17,0.9927605390548706
1579328789.0327277,18,0.9929860234260559
1579331627.7897377,19,0.9935988783836365
1579334444.5001569,20,0.9946606755256653
1579337264.8618329,21,0.9939975142478943
1579340086.177623,22,0.9941931366920471
1579342904.6719007,23,0.9939619302749634
1579345724.2336216,24,0.9940336346626282
1579348545.5891724,25,0.9946085810661316
1579351365.4963377,26,0.9945359826087952
1579354183.82957,27,0.9937757849693298
1579357005.021117,28,0.9950642585754395
1579359826.7438169,29,0.9938302040100098
1579362649.8216527,30,0.9943737387657166
