Wall time,Step,Value
1579280628.0195513,1,0.8086737990379333
1579283571.4565382,2,0.8325397372245789
1579286504.3262863,3,0.8432972431182861
1579289421.0916643,4,0.8824678659439087
1579292323.5538435,5,0.8349196314811707
1579295196.0394397,6,0.7686523795127869
1579298051.8781068,7,0.8819010257720947
1579300900.0511925,8,0.8930631279945374
1579303757.705221,9,0.8683716058731079
1579306605.6326153,10,0.8924214839935303
1579309458.517706,11,0.8960315585136414
1579312317.478299,12,0.9058099389076233
1579315170.9011464,13,0.9114840626716614
1579318025.817369,14,0.9001892805099487
1579320880.5541456,15,0.8915197849273682
1579323731.5326715,16,0.8911047577857971
1579326583.9972892,17,0.8888779878616333
1579329462.3857458,18,0.8922246098518372
1579332328.8331184,19,0.8980732560157776
1579335182.4907117,20,0.8932855725288391
1579338035.9491122,21,0.8929591774940491
1579340890.2139976,22,0.8966897130012512
1579343742.0949876,23,0.8763117790222168
1579346595.3809009,24,0.8982276320457458
1579349448.2702668,25,0.8913906216621399
1579352294.774483,26,0.8935578465461731
1579355142.3094532,27,0.9007406830787659
1579357989.3570082,28,0.9032443761825562
1579360838.6005664,29,0.8986807465553284
1579363689.7535274,30,0.8978366255760193
