Wall time,Step,Value
1579280479.1938677,1,0.8182605504989624
1579283414.1289666,2,0.8490851521492004
1579286339.6899092,3,0.8643752932548523
1579289257.9133492,4,0.893162190914154
1579292165.6387768,5,0.8542001843452454
1579295049.2340634,6,0.8111971616744995
1579297922.2013314,7,0.9134664535522461
1579300775.6631634,8,0.9273084402084351
1579303632.591274,9,0.916721522808075
1579306480.72423,10,0.9392986297607422
1579309334.5392966,11,0.9435637593269348
1579312190.8631063,12,0.9567933678627014
1579315045.9092412,13,0.9621021151542664
1579317901.1292613,14,0.9528451561927795
1579320753.6985161,15,0.9480323791503906
1579323606.769239,16,0.9464930295944214
1579326457.1690679,17,0.9552345275878906
1579329311.6695554,18,0.9563498497009277
1579332203.8494503,19,0.9596922397613525
1579335055.9027627,20,0.9518275260925293
1579337910.8797915,21,0.9543875455856323
1579340763.7291293,22,0.955926775932312
1579343616.7467453,23,0.9410639405250549
1579346469.669297,24,0.9594330787658691
1579349322.3302977,25,0.9560155272483826
1579352169.401025,26,0.9591624140739441
1579355018.7192569,27,0.9575024843215942
1579357867.114335,28,0.9674267768859863
1579360714.711742,29,0.9605593085289001
1579363565.2728176,30,0.9665073156356812
