Wall time,Step,Value
1579280937.6243284,1,0.7238756418228149
1579283860.5878356,2,0.7580578923225403
1579286779.9411628,3,0.8039934039115906
1579289687.3920481,4,0.8469057679176331
1579292574.5714781,5,0.8559366464614868
1579295447.5403528,6,0.8415334224700928
1579298301.6702008,7,0.8951144218444824
1579301155.4029605,8,0.9033050537109375
1579304006.857586,9,0.8989270329475403
1579306860.4103246,10,0.9132368564605713
1579309712.4496617,11,0.9160892367362976
1579312568.463466,12,0.9203373789787292
1579315423.6825194,13,0.9224217534065247
1579318278.4743688,14,0.9148092865943909
1579321131.5393949,15,0.9118346571922302
1579323982.5984654,16,0.9124066829681396
1579326836.0845199,17,0.9124850630760193
1579329728.4603176,18,0.9171140789985657
1579332580.3162427,19,0.9164956212043762
1579335436.1011305,20,0.9142274260520935
1579338289.5909824,21,0.9138804078102112
1579341141.914256,22,0.9149605631828308
1579343995.4394045,23,0.9074835181236267
1579346847.137256,24,0.9162279367446899
1579349694.334511,25,0.9155989289283752
1579352543.773477,26,0.9155465960502625
1579355392.1509295,27,0.9165602922439575
1579358239.7972243,28,0.9181872010231018
1579361088.2741086,29,0.9166077375411987
1579363937.3100116,30,0.9192638397216797
