Wall time,Step,Value
1579280878.2772994,1,0.9060407280921936
1579283761.4732726,2,0.9277378916740417
1579286661.6591022,3,0.9264866709709167
1579289540.9967062,4,0.9296795129776001
1579292408.185598,5,0.9272160530090332
1579295270.0635421,6,0.9320402145385742
1579298116.6607938,7,0.9336666464805603
1579300955.9710279,8,0.9325869083404541
1579303787.624463,9,0.938873827457428
1579306618.8893745,10,0.9363943338394165
1579309437.793375,11,0.9427288770675659
1579312255.3734694,12,0.9429665207862854
1579315075.8020847,13,0.9432745575904846
1579317896.9937277,14,0.9437309503555298
1579320719.073279,15,0.9449304342269897
1579323537.9819608,16,0.9435611963272095
1579326355.2728345,17,0.9439906477928162
1579329193.2507646,18,0.945081353187561
1579332010.3090067,19,0.9445473551750183
1579334830.6504266,20,0.9449171423912048
1579337651.3379846,21,0.9455517530441284
1579340470.1165957,22,0.9452736973762512
1579343289.5572171,23,0.9451125860214233
1579346111.7216852,24,0.945253849029541
1579348931.1877398,25,0.9459128975868225
1579351750.276312,26,0.9454666972160339
1579354570.447905,27,0.9444348812103271
1579357391.5791752,28,0.9457361698150635
1579360217.6915405,29,0.9446934461593628
1579363020.3713858,30,0.9447970390319824
