Wall time,Step,Value
1579224856.37182,1,0.6397566795349121
1579225216.1684926,2,0.7239203453063965
1579225579.568047,3,0.7883041501045227
1579225942.4942942,4,0.7680762410163879
1579226303.1498196,5,0.8214669823646545
1579226663.8413804,6,0.8095798492431641
1579227024.9216847,7,0.8193880915641785
1579227386.1103134,8,0.822282075881958
1579227747.1274643,9,0.8458231091499329
1579228110.4162765,10,0.8228950500488281
1579228472.0107713,11,0.852368950843811
1579228835.4457872,12,0.839552640914917
1579229196.3607342,13,0.8379296064376831
1579229557.3975317,14,0.8529255986213684
1579229919.0344322,15,0.833561897277832
1579230281.814205,16,0.8266794085502625
1579230644.1484883,17,0.8412894606590271
1579231006.2728996,18,0.8575034141540527
1579231370.0512674,19,0.8492105603218079
1579231731.6109629,20,0.827887773513794
1579232093.112392,21,0.8488827347755432
1579232456.0748782,22,0.856571614742279
1579232817.635187,23,0.8496780395507812
1579233178.860904,24,0.8419977426528931
1579233540.025682,25,0.858424723148346
1579233904.763982,26,0.8548505306243896
1579234266.0690541,27,0.8529077172279358
1579234627.6878057,28,0.8553116321563721
1579234988.9136305,29,0.8447596430778503
1579235350.1074529,30,0.848899781703949
