Wall time,Step,Value
1579210329.5221078,1,0.11655009537935257
1579211435.8749144,2,0.24770602583885193
1579212500.2575586,3,0.46180465817451477
1579213560.7885654,4,0.6614500880241394
1579214625.50341,5,0.7854916453361511
1579215703.7320604,6,0.8234102129936218
1579216741.385895,7,0.8292783498764038
1579217775.8321888,8,0.8468379974365234
1579218824.4057941,9,0.8705592155456543
1579219863.5281065,10,0.8563706874847412
1579220905.3026905,11,0.8807694315910339
1579221938.450608,12,0.8768521547317505
1579222997.4157386,13,0.8806430697441101
1579224068.0237634,14,0.8818317651748657
1579225114.5161874,15,0.8834542632102966
1579226159.4781325,16,0.8806873559951782
1579227164.574194,17,0.8867243528366089
1579228221.8274696,18,0.8835940957069397
1579229303.7774868,19,0.8834158182144165
1579230374.585023,20,0.8851584196090698
1579231458.0972652,21,0.8844985961914062
1579232518.9366062,22,0.8879040479660034
1579233542.5293522,23,0.8844785690307617
1579234573.9347517,24,0.8821864724159241
1579235620.7569304,25,0.8845367431640625
1579236652.9587998,26,0.8926212787628174
1579237691.8150818,27,0.888413667678833
1579238736.4668572,28,0.8828452229499817
1579239782.7505038,29,0.8904578685760498
1579240835.9919863,30,0.8891353011131287
