Wall time,Step,Value
1579190005.1538992,1,0.664487361907959
1579191379.0064452,2,0.7779906988143921
1579192745.2967021,3,0.7847746014595032
1579194070.4521508,4,0.8167439699172974
1579195410.3569872,5,0.8461707234382629
1579196750.7064855,6,0.8613463640213013
1579198121.184747,7,0.8719644546508789
1579199590.1239316,8,0.8338744044303894
1579201013.6006339,9,0.862430214881897
1579202439.8041341,10,0.8706619739532471
1579203862.0607553,11,0.869038999080658
1579205257.2557259,12,0.869322657585144
1579206684.8466973,13,0.8570946455001831
1579208125.2814968,14,0.8759892582893372
1579209512.7431955,15,0.8853219151496887
1579210823.2578464,16,0.8795068860054016
1579212135.9992738,17,0.8771542906761169
1579213462.2805526,18,0.8922162652015686
1579214850.248173,19,0.891920804977417
1579216175.0535488,20,0.8888723850250244
1579217473.3221905,21,0.8978955149650574
1579218795.1714897,22,0.8824622631072998
1579220108.4060955,23,0.8914873600006104
1579221445.5053406,24,0.8922085762023926
1579222797.1359587,25,0.8820100426673889
1579224140.263586,26,0.8848853707313538
1579225462.4494793,27,0.8936132192611694
1579226779.8818185,28,0.8878374695777893
1579228099.8411984,29,0.8816295862197876
1579229426.3402195,30,0.8934735655784607
