Wall time,Step,Value
1579144598.2115817,1,0.880901575088501
1579146000.957802,2,0.900981068611145
1579147430.3889472,3,0.8840109705924988
1579148893.7464843,4,0.9158443808555603
1579150333.782467,5,0.9155787229537964
1579151761.2571344,6,0.9193090200424194
1579153238.4608026,7,0.9088800549507141
1579154697.443313,8,0.9145070314407349
1579156108.5670736,9,0.9223523736000061
1579157541.947173,10,0.9232093095779419
1579158972.7369354,11,0.9292399883270264
1579160397.6674883,12,0.9279406070709229
1579161793.9580984,13,0.9279924631118774
1579163237.0060196,14,0.9292906522750854
1579164667.1699405,15,0.9283056855201721
1579166092.8568542,16,0.9300571084022522
1579167488.8621867,17,0.9297462105751038
1579168899.7448988,18,0.9286556243896484
1579170233.1715615,19,0.9299214482307434
1579171571.3923674,20,0.9290520548820496
1579172901.484115,21,0.9298370480537415
1579174216.1510417,22,0.9312118887901306
1579175532.282622,23,0.9298669099807739
1579176824.0019193,24,0.930483877658844
1579178086.7837796,25,0.9303441047668457
1579179347.6817608,26,0.9307121634483337
1579180611.9223132,27,0.9307463765144348
1579181874.090456,28,0.931059718132019
1579183142.1288502,29,0.9307781457901001
1579184408.6978807,30,0.930111825466156
