Wall time,Step,Value
1579262487.6854725,1,0.8632055521011353
1579262781.5727932,2,0.8765042424201965
1579263077.5681865,3,0.8732194304466248
1579263369.8904033,4,0.8880345225334167
1579263668.36528,5,0.8966212272644043
1579263965.07908,6,0.8917475342750549
1579264261.798833,7,0.896736204624176
1579264559.2632334,8,0.9003207087516785
1579264855.7405338,9,0.9013525247573853
1579265154.5292814,10,0.904076099395752
1579265450.0015469,11,0.9066351652145386
1579265748.080725,12,0.9068489670753479
1579266047.7474027,13,0.9051757454872131
1579266347.712168,14,0.9088895320892334
1579266647.7482512,15,0.9052286744117737
1579266946.7346697,16,0.9040889739990234
1579267244.2827656,17,0.9052883982658386
1579267542.0486064,18,0.9070777893066406
1579267841.4827478,19,0.9095501899719238
1579268141.4899676,20,0.9073289632797241
1579268440.6794865,21,0.9091485738754272
1579268738.9884737,22,0.907078742980957
1579269035.0590558,23,0.905261218547821
1579269333.1733315,24,0.9063207507133484
1579269630.9501648,25,0.9089308977127075
1579269926.7496793,26,0.9108594059944153
1579270223.25368,27,0.9067485332489014
1579270519.5790055,28,0.9062756896018982
1579270816.71865,29,0.9094449877738953
1579271116.962858,30,0.9056429862976074
