Wall time,Step,Value
1579262741.6760116,1,0.8377367854118347
1579262928.8299794,2,0.8641533255577087
1579263116.7220001,3,0.857674241065979
1579263300.9349527,4,0.8746742606163025
1579263487.9442368,5,0.8817899227142334
1579263677.8896182,6,0.8877342343330383
1579263864.024905,7,0.8914559483528137
1579264048.9792547,8,0.8974658846855164
1579264236.4153485,9,0.9009264707565308
1579264420.8255808,10,0.9056753516197205
1579264608.771177,11,0.9023260474205017
1579264797.0823278,12,0.9032573699951172
1579264983.4003959,13,0.9040626287460327
1579265170.9855921,14,0.9069057106971741
1579265358.6810703,15,0.8984689712524414
1579265545.9256868,16,0.9028018116950989
1579265733.9470065,17,0.9042210578918457
1579265922.1585453,18,0.900037407875061
1579266115.4862812,19,0.9049450755119324
1579266303.410995,20,0.9036518931388855
1579266487.3417869,21,0.9048998951911926
1579266671.9396477,22,0.900296151638031
1579266857.4978085,23,0.9000794291496277
1579267040.794065,24,0.9006410241127014
1579267230.3797457,25,0.9051244854927063
1579267410.22699,26,0.9059572815895081
1579267601.5344508,27,0.9038153886795044
1579267792.1938698,28,0.9034072160720825
1579267972.2107477,29,0.9047300219535828
1579268152.8460784,30,0.9042904376983643
