Wall time,Step,Value
1579206037.6043818,1,0.8492690324783325
1579206592.5549605,2,0.8738188147544861
1579207155.3273242,3,0.8366818428039551
1579207719.2373273,4,0.8554837107658386
1579208259.8337476,5,0.8766242861747742
1579208790.4541306,6,0.8726672530174255
1579209315.604669,7,0.8777114152908325
1579209730.2295904,8,0.8645592927932739
1579210035.9046392,9,0.8738558292388916
1579210452.2767813,10,0.8936993479728699
1579210956.8355885,11,0.9010034203529358
1579211452.6484985,12,0.9014473557472229
1579211843.134359,13,0.9035674333572388
1579212122.8142958,14,0.9049842953681946
1579212422.073635,15,0.9055724740028381
1579212888.2843075,16,0.8993753790855408
1579213388.3372397,17,0.9082309603691101
1579213668.3693373,18,0.9050819277763367
1579213976.088636,19,0.906748354434967
1579214351.9101653,20,0.904850423336029
1579214781.8344193,21,0.9069942831993103
1579215247.0888138,22,0.907116174697876
1579215510.4233327,23,0.9038572907447815
1579215770.561887,24,0.9014714956283569
1579216058.637399,25,0.9059373736381531
1579216507.324849,26,0.9078532457351685
1579216843.672342,27,0.909528911113739
1579217134.352878,28,0.9047200083732605
1579217409.8250763,29,0.9045877456665039
1579217645.0031793,30,0.906562328338623
