Wall time,Step,Value
1579263223.6159246,1,0.583663284778595
1579264647.3501453,2,0.6663691997528076
1579266043.630799,3,0.6413627862930298
1579267425.3958106,4,0.6215851902961731
1579268796.6172738,5,0.7712302207946777
1579270189.1118379,6,0.7286460399627686
1579271558.236731,7,0.7658281326293945
1579272926.3117113,8,0.763871967792511
1579274307.4522254,9,0.7614520192146301
1579275675.1701198,10,0.8044561743736267
1579277009.083915,11,0.7869276404380798
1579278349.03061,12,0.851127028465271
1579279676.9134648,13,0.810136079788208
1579281012.4452474,14,0.8070005178451538
1579282344.3917327,15,0.8480222225189209
1579283688.0744298,16,0.8456251621246338
1579285033.6907685,17,0.8317215442657471
1579286383.6197135,18,0.7391692399978638
1579287722.1197023,19,0.8480416536331177
1579289050.189077,20,0.8545839190483093
1579290396.9217694,21,0.7910847067832947
1579291745.314254,22,0.8185338377952576
1579293087.4715872,23,0.8657572269439697
1579294444.5929017,24,0.8392006754875183
1579295765.992129,25,0.819112241268158
1579297091.7477376,26,0.862622082233429
1579298399.124398,27,0.8629439473152161
1579299719.502701,28,0.8024830222129822
1579301032.016288,29,0.8467777967453003
1579302302.9661727,30,0.836513876914978
