Wall time,Step,Value
1579260857.4267428,1,0.1334053874015808
1579261217.2190645,2,0.26100119948387146
1579261581.19424,3,0.5726213455200195
1579261943.694722,4,0.701835036277771
1579262308.3145537,5,0.733486533164978
1579262671.2608235,6,0.8020856380462646
1579263033.733311,7,0.8053478598594666
1579263396.8285093,8,0.8006235957145691
1579263757.667982,9,0.8389583230018616
1579264120.9544358,10,0.8167319893836975
1579264482.204243,11,0.8326950669288635
1579264843.0439177,12,0.8284525871276855
1579265204.3354504,13,0.8391311168670654
1579265565.5286343,14,0.8297087550163269
1579265927.3115022,15,0.8283562660217285
1579266289.1193876,16,0.8259211182594299
1579266650.9600737,17,0.8417506217956543
1579267012.3349152,18,0.8337426781654358
1579267373.9529274,19,0.840668797492981
1579267734.8918815,20,0.8414658904075623
1579268099.716233,21,0.8376170992851257
1579268462.4011185,22,0.8344496488571167
1579268822.780115,23,0.8291420936584473
1579269182.7844472,24,0.8296226263046265
1579269542.5290596,25,0.8329951167106628
1579269901.9650505,26,0.8380264043807983
1579270261.9299254,27,0.8279548287391663
1579270622.414657,28,0.8406735062599182
1579270982.5282276,29,0.8337513208389282
1579271342.4059036,30,0.8288797736167908
