Wall time,Step,Value
1579190116.4042714,1,0.056676577776670456
1579191579.1907663,2,0.42525139451026917
1579192973.4723153,3,0.4300743341445923
1579194472.3572023,4,0.7198914885520935
1579195930.184236,5,0.8018578290939331
1579197362.355634,6,0.8459534049034119
1579198891.4957519,7,0.8464797735214233
1579200418.880007,8,0.8565233945846558
1579201920.3833973,9,0.8711384534835815
1579203363.1961467,10,0.8494027256965637
1579204800.4035428,11,0.8761029839515686
1579206227.458262,12,0.8692126274108887
1579207673.6067157,13,0.8754541277885437
1579209099.9618998,14,0.8753042221069336
1579210471.9985728,15,0.8787948489189148
1579211835.3948665,16,0.8760517835617065
1579213188.0789034,17,0.881897509098053
1579214559.9167206,18,0.8780476450920105
1579215955.6660757,19,0.8775651454925537
1579217318.1855319,20,0.8852317333221436
1579218671.914448,21,0.8778346180915833
1579220034.5770805,22,0.8823124170303345
1579221402.182534,23,0.8828818202018738
1579222794.372133,24,0.880497395992279
1579224158.557253,25,0.8811262845993042
1579225526.3130581,26,0.8816250562667847
1579226880.377241,27,0.8851945400238037
1579228248.927342,28,0.8812906742095947
1579229608.9962013,29,0.8847188949584961
1579230988.836759,30,0.8847890496253967
