Wall time,Step,Value
1579280398.8005867,1,0.2885340750217438
1579283267.8070097,2,0.3483447730541229
1579286140.9776556,3,0.5919032096862793
1579289017.5783155,4,0.7679483890533447
1579291876.5417686,5,0.8459200859069824
1579294713.6775331,6,0.8675694465637207
1579297545.4644358,7,0.8613405227661133
1579300343.502413,8,0.8990903496742249
1579303140.892804,9,0.8997970819473267
1579305928.0183518,10,0.9210957884788513
1579308712.7772112,11,0.9296458959579468
1579311492.5296278,12,0.9303558468818665
1579314259.9012942,13,0.9354453086853027
1579317026.4581192,14,0.9317452311515808
1579319795.947144,15,0.9389954209327698
1579322566.8298628,16,0.9370089769363403
1579325335.729368,17,0.9400112628936768
1579328102.004709,18,0.9331161975860596
1579330869.7527423,19,0.9457610845565796
1579333638.8578198,20,0.9415152072906494
1579336405.2142673,21,0.9449154734611511
1579339173.0521703,22,0.9464677572250366
1579341939.6063354,23,0.9492542743682861
1579344710.359929,24,0.9492765665054321
1579347479.6659515,25,0.9523139595985413
1579350247.6042132,26,0.9492268562316895
1579353008.8287494,27,0.944015383720398
1579355772.598701,28,0.9518566727638245
1579358534.400987,29,0.9503666162490845
1579361296.0995948,30,0.9525318741798401
