Wall time,Step,Value
1579280937.6242154,1,0.8100144863128662
1579283860.58766,2,0.8409050703048706
1579286779.941022,3,0.8467230796813965
1579289687.3919392,4,0.8710328936576843
1579292574.5713325,5,0.8233331441879272
1579295447.5401795,6,0.7728841304779053
1579298301.670084,7,0.8742987513542175
1579301155.4028292,8,0.8937837481498718
1579304006.8574612,9,0.8705173134803772
1579306860.410195,10,0.8940252065658569
1579309712.4495237,11,0.8871843218803406
1579312568.4633522,12,0.9003817439079285
1579315423.6824002,13,0.9043589234352112
1579318278.474243,14,0.8899208903312683
1579321131.5392547,15,0.8847396969795227
1579323982.5983298,16,0.882946252822876
1579326836.0844064,17,0.8847255110740662
1579329728.460201,18,0.8891101479530334
1579332580.3161178,19,0.8906688094139099
1579335436.1010091,20,0.8856140375137329
1579338289.590872,21,0.8838227391242981
1579341141.914131,22,0.8852142691612244
1579343995.4392853,23,0.8707860112190247
1579346847.1371396,24,0.8897268772125244
1579349694.3343987,25,0.885261595249176
1579352543.7733665,26,0.8856334090232849
1579355392.150818,27,0.8914827704429626
1579358239.7970972,28,0.8954511880874634
1579361088.273997,29,0.8887925744056702
1579363937.3098898,30,0.8954079151153564
