Wall time,Step,Value
1579280871.196721,1,0.27185362577438354
1579283741.8149884,2,0.32876622676849365
1579286618.7907903,3,0.5721501111984253
1579289477.8917148,4,0.7963040471076965
1579292315.137178,5,0.8657765984535217
1579295146.6191444,6,0.8711709380149841
1579297947.8922708,7,0.8702136874198914
1579300741.7206054,8,0.8868909478187561
1579303531.640133,9,0.898051381111145
1579306313.9456916,10,0.903755247592926
1579309093.3149736,11,0.9139906167984009
1579311858.8736374,12,0.9125955104827881
1579314625.654652,13,0.9152005910873413
1579317398.0823863,14,0.9146631360054016
1579320169.3236763,15,0.9186486005783081
1579322936.7869308,16,0.9135423898696899
1579325703.6327603,17,0.9170312285423279
1579328468.8725617,18,0.9136260151863098
1579331236.49851,19,0.915505588054657
1579334006.3419406,20,0.9122657179832458
1579336773.6476157,21,0.9164753556251526
1579339540.195373,22,0.9166678786277771
1579342308.1177938,23,0.9194592237472534
1579345077.4735694,24,0.9199253916740417
1579347846.5992675,25,0.9207987785339355
1579350611.182121,26,0.9199965000152588
1579353375.5769222,27,0.9170023202896118
1579356136.831482,28,0.9186637997627258
1579358899.0120275,29,0.918347954750061
1579361658.8867478,30,0.9205539226531982
