Wall time,Step,Value
1579280433.108498,1,0.926376461982727
1579283313.8933358,2,0.9492523074150085
1579286198.6578343,3,0.9571987390518188
1579289096.2719886,4,0.9652129411697388
1579291977.8958466,5,0.9638701677322388
1579294843.109466,6,0.9652295708656311
1579297705.1319087,7,0.9762877821922302
1579300550.8474762,8,0.9750270247459412
1579303389.847783,9,0.9811865091323853
1579306225.0743299,10,0.9824591279029846
1579309053.0535595,11,0.9881868362426758
1579311872.0821455,12,0.9894434809684753
1579314688.631224,13,0.9901689291000366
1579317512.6240969,14,0.9901198148727417
1579320334.5029752,15,0.991241455078125
1579323155.4992895,16,0.9922024607658386
1579325971.5135446,17,0.9922958016395569
1579328789.0328336,18,0.9927829504013062
1579331627.789856,19,0.993448793888092
1579334444.5002868,20,0.9946652054786682
1579337264.8619614,21,0.9940400719642639
1579340086.1777596,22,0.9941533803939819
1579342904.6720843,23,0.993617057800293
1579345724.233734,24,0.9938621520996094
1579348545.5892863,25,0.9942993521690369
1579351365.4964561,26,0.99433434009552
1579354183.8297207,27,0.9934824705123901
1579357005.0212567,28,0.9948824644088745
1579359826.7439325,29,0.9935752749443054
1579362649.8217666,30,0.9940919280052185
