Wall time,Step,Value
1579207770.5642173,1,0.5539553165435791
1579207960.7899625,2,0.6337650418281555
1579208150.80171,3,0.28514325618743896
1579208342.4142754,4,0.2204791009426117
1579208530.0598164,5,0.24472777545452118
1579208716.8162436,6,0.19532902538776398
1579208907.9027936,7,0.17847511172294617
1579209099.5993156,8,0.2843952178955078
1579209292.1837757,9,0.16313032805919647
