Wall time,Step,Value
1579261538.1062412,1,0.8965922594070435
1579261817.6313024,2,0.90871262550354
1579262063.504012,3,0.9138987064361572
1579262266.6976647,4,0.9232171773910522
1579262469.0064247,5,0.9278103113174438
1579262682.4111543,6,0.9232617020606995
1579262834.506002,7,0.9272109866142273
1579262988.4646986,8,0.9241141676902771
1579263141.7400556,9,0.926031231880188
1579263296.8755856,10,0.9323452711105347
1579263494.054138,11,0.9357224106788635
1579263702.629326,12,0.9339208006858826
1579264032.5949569,13,0.9352896213531494
1579264420.3379955,14,0.9345176815986633
1579264838.3503723,15,0.9347996115684509
1579265259.860612,16,0.9344791173934937
1579265416.2077825,17,0.935468852519989
1579265768.562073,18,0.9344273209571838
1579266141.4414756,19,0.9348261952400208
1579266314.4447422,20,0.9335429072380066
1579266634.1000383,21,0.935126006603241
1579266990.5812125,22,0.9354021549224854
1579267151.0379977,23,0.9350001811981201
1579267512.0165625,24,0.9349923729896545
1579267667.136571,25,0.9357184767723083
1579268010.671795,26,0.9355188608169556
1579268378.9094431,27,0.9353625774383545
1579268679.1412718,28,0.935275673866272
1579268843.9514682,29,0.934736430644989
1579269215.097184,30,0.9352087378501892
