Wall time,Step,Value
1579263168.5491586,1,0.8375725150108337
1579264526.784057,2,0.8154034614562988
1579265856.7462902,3,0.8644987940788269
1579267168.8694222,4,0.8783370852470398
1579268479.3846083,5,0.8634641170501709
1579269790.2218394,6,0.8550849556922913
1579271088.4517856,7,0.8648366332054138
1579272390.868955,8,0.8575339913368225
1579273679.1880727,9,0.8798093199729919
1579274966.2916195,10,0.8822659850120544
1579276243.7381592,11,0.901089608669281
1579277524.3358552,12,0.9037086367607117
1579278795.9598691,13,0.9051297903060913
1579280068.9782495,14,0.9060068130493164
1579281321.894796,15,0.9065164923667908
1579282616.8191457,16,0.9059592485427856
1579283918.7342403,17,0.9079495668411255
1579285214.0748577,18,0.9065011739730835
1579286518.192561,19,0.9072384834289551
1579287829.1066792,20,0.9072613716125488
1579289136.50711,21,0.9075971245765686
1579290444.193881,22,0.9116952419281006
1579291749.3939471,23,0.9084994792938232
1579293042.100057,24,0.9087756872177124
1579294332.9709928,25,0.9088551998138428
1579295605.551552,26,0.9101382493972778
1579296881.1709256,27,0.9105623364448547
1579298151.9703667,28,0.9089575409889221
1579299424.6123865,29,0.9083540439605713
1579300707.5858169,30,0.90948086977005
