Wall time,Step,Value
1579224262.870588,1,0.7632459998130798
1579224502.8812802,2,0.7025787234306335
1579224917.3655171,3,0.7517306208610535
1579225110.8233411,4,0.7873835563659668
1579225547.3991575,5,0.7877445220947266
1579226007.9233487,6,0.8252431750297546
1579226350.3649566,7,0.8174459934234619
1579226517.6718066,8,0.8382443189620972
1579226901.693538,9,0.8678292632102966
1579227317.3374174,10,0.8754868507385254
1579227727.81978,11,0.8816881775856018
1579228164.5683067,12,0.8830084204673767
1579228602.3283026,13,0.8802140355110168
1579229019.2683432,14,0.878404438495636
1579229441.1060011,15,0.8818603754043579
1579229609.3482625,16,0.8816834688186646
1579230030.0351672,17,0.8896744251251221
1579230419.3006995,18,0.8854204416275024
1579230838.38676,19,0.8917938470840454
1579231287.0970829,20,0.8874911665916443
1579231733.078214,21,0.8915656208992004
1579232155.8826897,22,0.891455352306366
1579232587.3708308,23,0.890523374080658
1579232812.6961637,24,0.89239102602005
1579233178.5225365,25,0.8947977423667908
1579233581.691314,26,0.8939111828804016
1579233999.524828,27,0.89423006772995
1579234455.4274137,28,0.8924288153648376
1579234930.821499,29,0.8930462598800659
1579235364.6830118,30,0.8946520090103149
