Wall time,Step,Value
1579224394.0408983,1,0.63865727186203
1579224467.7329879,2,0.7330156564712524
1579224548.3262203,3,0.7822049260139465
1579224623.6014934,4,0.764779269695282
1579224725.9819396,5,0.806653618812561
1579224802.0416863,6,0.7945749759674072
1579224881.2230227,7,0.8292240500450134
1579224985.213589,8,0.8065209984779358
1579225063.1897824,9,0.8255118131637573
1579225151.7862344,10,0.8170226812362671
1579225244.9418364,11,0.8286446928977966
1579225321.8373036,12,0.8189024925231934
1579225428.6423519,13,0.8251187801361084
1579225504.231661,14,0.8239675164222717
1579225582.3906143,15,0.8229260444641113
1579225692.1077101,16,0.8050468564033508
1579225768.5612583,17,0.8217997550964355
1579225852.0531886,18,0.8273703455924988
1579225956.8911495,19,0.828804075717926
1579226034.4616172,20,0.8161683082580566
1579226132.2636552,21,0.8256697654724121
1579226236.184025,22,0.8310868740081787
1579226321.6470456,23,0.8285309672355652
1579226396.995651,24,0.8190652132034302
1579226499.433536,25,0.8353879451751709
1579226599.0151362,26,0.8333783149719238
1579226676.6010506,27,0.8276130557060242
1579226777.2772703,28,0.8297267556190491
1579226859.3016052,29,0.8207280039787292
1579226940.9982343,30,0.8190195560455322
