Wall time,Step,Value
1579280878.2771678,1,0.893983781337738
1579283761.4731362,2,0.915588915348053
1579286661.6589887,3,0.9125523567199707
1579289540.9965816,4,0.920329213142395
1579292408.1854546,5,0.9145410060882568
1579295270.0634506,6,0.9184949994087219
1579298116.6606607,7,0.9228484034538269
1579300955.9708738,8,0.9209741353988647
1579303787.6243553,9,0.9311933517456055
1579306618.889249,10,0.9266614317893982
1579309437.7932494,11,0.9318462610244751
1579312255.3733466,12,0.9326471090316772
1579315075.8019524,13,0.9331751465797424
1579317896.9936142,14,0.9342942833900452
1579320719.073152,15,0.9346323609352112
1579323537.9818475,16,0.9329782724380493
1579326355.272712,17,0.9339298605918884
1579329193.2505846,18,0.9354813694953918
1579332010.3088834,19,0.9340561628341675
1579334830.6503005,20,0.9348140954971313
1579337651.3378527,21,0.9353645443916321
1579340470.116468,22,0.9352453351020813
1579343289.5570767,23,0.9350466728210449
1579346111.7215648,24,0.9354424476623535
1579348931.1876037,25,0.9357855319976807
1579351750.2761698,26,0.9356988668441772
1579354570.4477644,27,0.9347993731498718
1579357391.5790582,28,0.9359692931175232
1579360217.6914122,29,0.9345771670341492
1579363020.3712568,30,0.9346408247947693
