Wall time,Step,Value
1579212432.5196314,1,0.8144192695617676
1579212717.6972723,2,0.8483066558837891
1579213000.8316405,3,0.8543785810470581
1579213286.7888868,4,0.8583863377571106
1579213568.7797384,5,0.8645395040512085
1579213855.8771896,6,0.8649702072143555
1579214062.2762015,7,0.8610816597938538
1579214257.8446565,8,0.8671412467956543
1579214450.8540294,9,0.8904018402099609
1579214647.5585198,10,0.8831265568733215
1579214837.1341588,11,0.9006490707397461
1579215029.3956192,12,0.9017494320869446
1579215219.829289,13,0.9054279923439026
1579215407.821927,14,0.9036743640899658
1579215595.516005,15,0.9053080677986145
1579215787.3975139,16,0.9043176174163818
1579215976.1994152,17,0.9056516289710999
1579216167.1651998,18,0.9047412872314453
1579216355.1782105,19,0.9081028699874878
1579216542.3566458,20,0.904481828212738
1579216731.7251203,21,0.907606840133667
1579216922.178841,22,0.9113959670066833
1579217114.5192072,23,0.9061389565467834
1579217301.608684,24,0.9071363210678101
1579217491.5948076,25,0.907802164554596
1579217680.413319,26,0.9082262516021729
1579217872.4826329,27,0.908271849155426
1579218063.099244,28,0.9073609113693237
1579218255.716748,29,0.9080830216407776
1579218445.9266257,30,0.9074267745018005
