Wall time,Step,Value
1579280628.0196574,1,0.7239300608634949
1579283571.4566615,2,0.7521560192108154
1579286504.3264012,3,0.7966964244842529
1579289421.0917773,4,0.8627786636352539
1579292323.5539536,5,0.8654800653457642
1579295196.0395775,6,0.8366740942001343
1579298051.8782122,7,0.8992860317230225
1579300900.0513077,8,0.9071685075759888
1579303757.705362,9,0.898738443851471
1579306605.6327446,10,0.9180529117584229
1579309458.5178368,11,0.9204487800598145
1579312317.4784193,12,0.923188328742981
1579315170.901272,13,0.9267681837081909
1579318025.8174934,14,0.9205027222633362
1579320880.5542722,15,0.9172389507293701
1579323731.5327961,16,0.9191100597381592
1579326583.9974058,17,0.9142343997955322
1579329462.3858802,18,0.9190289378166199
1579332328.8332446,19,0.9200066328048706
1579335182.4908638,20,0.9212148785591125
1579338035.9492478,21,0.920093834400177
1579340890.214112,22,0.9221807718276978
1579343742.095138,23,0.913517415523529
1579346595.381025,24,0.9225270748138428
1579349448.2704022,25,0.9195336103439331
1579352294.7745938,26,0.9199293255805969
1579355142.3095944,27,0.9245758056640625
1579357989.357132,28,0.9241009950637817
1579360838.6006787,29,0.9235752820968628
1579363689.75364,30,0.9193047881126404
